<?xml version="1.0" encoding="UTF-8"?>
<c3p0-config>
	<!-- This is default config! -->
	<default-config>
		<property name="initialPoolSize">10</property>
		<property name="maxIdleTime">30</property>
		<property name="maxPoolSize">100</property>
		<property name="minPoolSize">10</property>
		<property name="maxStatements">200</property>
	</default-config>
	
	<!-- This is my config for oracle -->
	<named-config name="oracle">
		<property name="driverClass">oracle.jdbc.driver.OracleDriver</property>
		<property name="jdbcUrl">jdbc:oracle:thin:@localhost:1521:XE</property>
		<property name="user">companyzupu</property>
		<property name="password">companyzupu</property>
		<property name="initialPoolSize">10</property>
		<property name="maxIdleTime">30</property>
		<property name="maxPoolSize">100</property>
		<property name="minPoolSize">10</property>
		<property name="maxStatements">200</property>
	</named-config>
</c3p0-config>
